id,meal_name,common_name,image_url,description,prep_time,servings,calories_kcal,protein_g,carbs_g,fat_g,fiber_g,sugar_g,sodium_mg,cholesterol_mg,difficulty,estimated_cost_php,availability,tags,role_fit,meal_type,dietary_restrictions,ingredients,popularity_score
F001,Tuna adobo,Tuna adobo,https://kusinasecrets.com/wp-content/uploads/2025/01/u3317447599_Photorealistic_close-up_of_Filipino_Tuna_Adobo_on_b5bf028a-cee7-479d-8c10-f0475065a64b_1.webp,"Filipino adobo using fresh tuna chunks simmered in soy sauce, vinegar, garlic, and spices for a lighter seafood twist on the classic dish.",20 min,4,140,30,2,8,0,1,620,60,Easy,150,availability,Classic dish,"Students, workers",Lunch/Dinner,Contains fish; gluten-free if using gluten-free soy sauce,"Fresh tuna, soy sauce, vinegar, garlic, onion, bay leaf, peppercorns, cooking oil",5
F002,Pork & chicken adobo,Pork & chicken adobo,https://assets.unileversolutions.com/recipes-v2/214462.jpg," ""Classic Filipino adobo combining pork and chicken for a balanced flavor.""",40 min,4,276,22.5,4,18,0.5,2,780,95,Medium,180,availability,Classic dish,Family meals,Lunch/Dinner,Contains pork and chicken; not vegetarian/vegan,"Pork belly, chicken pieces, soy sauce, vinegar, garlic, onion, bay leaf, black peppercorns, cooking oil",5
F003,Pork adobo,Pork adobo,https://images.immediate.co.uk/production/volatile/sites/30/2020/08/pork-adobo-17ec83c.jpg,"Tender pork stewed in soy sauce, vinegar, garlic, and bay leaves.",45 min,4,412,29,4,29,0.5,2,941,94,Medium,170,availability,Hearty dish,"Family, workers",Lunch/Dinner,Contains pork; not vegetarian/vegan,"Pork belly or shoulder, soy sauce, vinegar, garlic, onion, bay leaf, peppercorns, cooking oil",5
F004,"Pork adobo, w/ egg","Pork adobo, w/ egg",https://www.hungryhuy.com/wp-content/uploads/pork-belly-adobo-768x512.jpg," ""Same as pork adobo but with hard-boiled eggs for added richness.""",45 min,4,482,35,4,34,0.5,2,941,159,Medium,180,availability,Protein-rich,"Family, athletes",Lunch/Dinner,Contains pork and eggs; not vegetarian/vegan,"Pork belly or shoulder, soy sauce, vinegar, garlic, onion, bay leaf, peppercorns, hard-boiled eggs, cooking oil",5
F005,Chicken adobo,Chicken adobo,https://tse3.mm.bing.net/th/id/OIP.9b9GAHE4Tr2EbTs-SH6vJgHaKX?cb=12&rs=1&pid=ImgDetMain&o=7&rm=3,"Popular Filipino chicken dish simmered in vinegar, soy sauce, garlic, and spices",35 min,4,141,15.6,3,16,0.5,2,700,95,Medium,150,availability,Lighter option,"Students, seniors",Lunch/Dinner,Contains poultry; not vegetarian/vegan,"Chicken pieces, soy sauce, vinegar, garlic, onion, bay leaf, black peppercorns, cooking oil",5
F006,Beef kare-kare,Beef kare-kare,https://tse3.mm.bing.net/th/id/OIP.85sHOIthuCKdBCfqrTz6VgHaFY?cb=12&rs=1&pid=ImgDetMain&o=7&rm=3,"Filipino stew made of beef / oxtail in peanut-annatto sauce with vegetables, served with bagoong.",20 min,4,354,20,4,24,3,,320,,Medium-Hard,,availability,"Classic dish, Protein-rich, Peanut-based stew, Special occasion, Filipino favorite",Family,Lunch / Dinner,Contains beef; peanuts; may include shrimp paste (shellfish); not vegetarian/vegan,"Beef oxtail, peanuts, annatto seeds, toasted rice flour, garlic, onion, string beans, eggplant, banana heart, pechay, fish sauce, bagoong",4
F007,Rice gruel w/ chicken,Arroz caldo,https://tse1.mm.bing.net/th/id/OIP._q8fx2xh_Wg4NtXiezsxkAAAAA?cb=12&rs=1&pid=ImgDetMain&o=7&rm=3,"Filipino rice porridge flavored with ginger, garlic, and chicken, commonly served hot with toppings.",35 min,4,250,16,4,5,1.5,,720,55,Easy,50,availability,Classic dish; Comfort food; Warm & hearty; Budget-friendly; Filipino favorite,"Students, Family",Breakfast/Lunch,Contains chicken; contains rice; gluten-free if using plain rice broth,"Rice, chicken, ginger, garlic, onion, fish sauce, water or chicken broth, spring onion, hard-boiled egg, calamansi, pepper",5
F008,"Pork belly, broiled","Baboy liempo, inihaw",https://tse2.mm.bing.net/th/id/OIP.rP6IvksaV6vV9GYZNC1gnAHaF7?cb=12&rs=1&pid=ImgDetMain&o=7&rm=3,Filipino-style pork belly marinated in a savory-sweet mixture and grilled over charcoal until smoky and crisp.,25 min,4,350,27,4,26,0.5,1,620,85,Medium,110,availability,Classic dish; Grilled favorite; Protein-rich; Party food; Filipino street food,"Family, Students, workers, body builder",Lunch/Dinner,Contains pork; not suitable for low-fat diets or vegetarians/vegans,"Pork belly, soy sauce, calamansi or lemon juice, garlic, pepper, brown sugar, banana ketchup (optional), salt",5
F009,"Pork belly, fried","Baboy liempo, prito",https://hot-thai-kitchen.com/wp-content/uploads/2024/01/fish-sauce-pork-belly-sq.jpg,"Filipino-style pork belly slices seasoned and deep-fried until golden, crispy, and juicy inside.",25 min,,420,29,4,33,0.3,,640,90,Medium,110,availability,Classic dish; Crispy favorite; Protein-rich; Party food,"Family, Students, workers, body builder",Lunch/Dinner,Contains pork; not suitable for low-fat diets or vegetarians/vegans,"Pork belly, salt, pepper, garlic, cooking oil, vinegar (optional marinade)",5
F010,"Pork Boston butt, broiled","Baboy paypay, inihaw",https://www.cook2eatwell.com/wp-content/uploads/2023/11/roasted-pork-butt-3.jpg,"Charcoal-grilled pork Boston butt marinated in savory-sweet Filipino spices for a smoky, tender dish.",30 min,,360,31,4,26,0.5,1,600,85,Medium,100,availability,Classic dish; Grilled favorite; Protein-rich; Special occasion,"Family, Students, workers, body builder",Lunch/Dinner,Contains pork; not suitable for low-fat diets or vegetarians/vegans,"Pork Boston butt (shoulder), soy sauce, calamansi or lemon juice, garlic, black pepper, brown sugar, banana ketchup (optional), salt",5
F011,"Pork Boston butt, fried","Baboy paypay, prito",https://rasamalaysia.com/wp-content/uploads/2022/03/fried-pork-shoulder.jpg,Filipino-style pork Boston butt (shoulder) seasoned and deep-fried until golden brown and crisp.,30 min,4,410,30,4,32,0.3,,630,88,Medium,100,availability,Classic dish; Crispy favorite; Protein-rich; Party food,"Students, Family",Lunch/Dinner,Contains pork; not suitable for low-fat diets or vegetarians/vegans,"Pork Boston butt (shoulder), salt, pepper, garlic, vinegar (optional marinade), cooking oil",5
F012,"Pork belly, seasoned, roasted","Baboy liempo, litson",https://pinchandswirl.com/wp-content/uploads/2024/06/oven-roasted-pork-belly-hero-4.jpg,Whole pork belly seasoned with classic Filipino spices and slow-roasted until the skin is crisp and meat tender.,1-2 hr,4,390,29,4,30,0.5,1,640,92,Medium,120,availability,Classic dish; Roasted favorite; Protein-rich; Special occasion,"Family, workers, body builder",Lunch/Dinner,Contains pork; not suitable for low-fat diets or vegetarians/vegans,"Pork belly (whole slab), salt, pepper, garlic, onion, lemongrass, bay leaf, cooking oil (for basting)",5
F013,"Steamed bun, pork filling","Siopao, baboy",https://www.marionskitchen.com/wp-content/uploads/2019/09/Chinese-BBQ-Pork-Steamed-Buns4-1200x1500.jpg,"Soft, fluffy steamed wheat bun filled with savory-sweet pork asado or braised pork mixture, a popular merienda.",20 min,4,300,12,4,8,2,6,450,25,Medium,100,availability,Classic snack; Street food favorite; Sweet-savory filling; Comfort food,"Family, Students, Workers",Snack/ Breakfast/ Lunch,Contains pork; contains wheat/gluten; contains sugar,"All-purpose flour, pork (asado or braised), soy sauce, sugar, yeast, garlic, onion, cornstarch, water, salt",5
F014,Pork afritada,Apritadang baboy,https://blogger.googleusercontent.com/img/b/R29vZ2xl/AVvXsEir8RVKP0X9BN3hpT0z6tlG-_ed2X738o-gluJJvjqh3sOIHsvvAGGhTgM0_et27bs3c675BJobVVMnvvAtALIvY6wavP1MoivC9ce6MAzgwM7BNA5B6Dsj3fizhv0y6fB8l8hw_EvxDYo/s1600/pork+afritada.jpg,"Filipino tomato-based stew with pork, potatoes, carrots, and bell peppers simmered in a savory sauce.",40 min,4,320,25,4,18,3,4,540,70,Medium,90,availability,Classic dish; Tomato-based stew; Comfort food; Family meal,"Family, Students, Workers",Lunch/Dinner,Contains pork; contains tomatoes; not vegetarian/vegan,"Pork shoulder or belly, potatoes, carrots, bell peppers, tomato sauce, garlic, onion, fish sauce, cooking oil, bay leaf",5
F015,"Pork, roasted, pinaksiw",Lechon paksiw,https://www.foxyfolksy.com/wp-content/uploads/2023/01/lechon-paksiw-1200t.jpg,Filipino dish made by simmering leftover roasted pork (lechon) in a sweet?savory vinegar?soy sauce with spices.,35 min,4,330,26,4,22,1.5,4,670,85,Medium,100,availability,Classic dish; Sweet-savory stew; Comfort food; Leftover-friendly,"Family, Students, Workers",Lunch/ Dinner,Contains pork; contains vinegar and soy sauce; not vegetarian/vegan,"Roasted pork (lechon), vinegar, soy sauce, brown sugar, garlic, onion, bay leaf, black peppercorns, lechon sauce (optional)",5
F016,"Shanghai pork roll, prep, w/ yacon",Yacon lumpiang shanghai,https://whisperofyum.com/wp-content/uploads/2021/09/pork-lumpia-shanghai.jpg,"Filipino spring rolls filled with ground pork and finely chopped yacon root, seasoned and deep-fried until crisp.",20 min,6,190,11,4,11,1,1.5,360,30,Medium,90,availability,Classic snack; Party food; Crispy favorite; Vegetable-enhanced,"Family, Students, Workers",Snack/ Lunch,Contains pork; contains wheat (lumpia wrapper); fried in oil; not vegetarian/vegan,"Ground pork, yacon root, lumpia (spring roll) wrappers, garlic, onion, carrot, salt, pepper, cooking oil, egg (binder)",5
F017,"Shanghai pork roll, prep, w/ yacon",,https://omnivorescookbook.com/wp-content/uploads/2020/12/201113_Lumpia-Shanghai_550-500x500.jpg,"Filipino spring rolls with ground pork and finely chopped yacon root, seasoned and deep-fried until crisp.",20 min,6,190,11,4,11,1,1.5,360,30,Medium,90,availability,Classic snack; Party food; Crispy favorite; Vegetable-enhanced,"Family, Students, Workers",Snack/ Lunch,Contains pork; contains wheat (lumpia wrapper); fried in oil; not vegetarian/vegan,"Ground pork, yacon root, lumpia (spring roll) wrappers, garlic, onion, carrot, salt, pepper, cooking oil, egg (binder)",5
F018,"Chicken, whole, seasoned, roasted",Lechon manok,https://www.primegourmet.ae/cdn/shop/products/roasted-whole-chicken-992937.jpg?v=1695182279&width=1946,"Whole chicken marinated in Filipino herbs and spices, then oven- or spit-roasted until tender and golden.",1 hr,4,335,30,4,20,0.5,,480,95,Medium,180,availability,Classic dish; Roasted favorite; Protein-rich; Family meal,"Family, Students, Workers, Bodybuilders",Lunch/Dinner,Contains poultry; not vegetarian/vegan,"Whole chicken, lemongrass, garlic, onion, soy sauce, calamansi or lemon juice, black pepper, bay leaf, cooking oil",5
F019,"Vegetable stir-fry w/ quail eggs, prep, w/ yacon","Yacon w/ quail eggs	",https://www.sheknows.com/wp-content/uploads/2018/08/kaq1cftikjuy22exlxxc.jpeg,"Quick Filipino stir-fry of mixed vegetables and yacon slices, finished with boiled quail eggs for protein.",10 min,4,160,8,4,6,4,5,260,20,Easy,85,availability,Classic dish; High-fiber; Light & healthy; Quick-cook,"Family, Students, Workers, Seniors",Lunch/Dinner,Contains eggs; vegetarian-friendly if fish sauce is omitted,"Yacon root, quail eggs, carrots, cabbage, green beans, garlic, onion, soy sauce or fish sauce, cooking oil",4
F020,"Steamed bun, mung bean filling","Siopao, munggo",https://www.delicioussiomai.com/cdn/shop/products/MonggoPao_2048x.png?v=1608728829,"Soft steamed wheat bun filled with sweetened mung bean paste, popular as a Filipino merienda or breakfast.",20 min,4,280,9,4,6,4,16,350,10,Medium,90,availability,Classic snack; Sweet filling; Street food favorite; Comfort food,"Family, Students, Workers",Snack/Breakfast,Contains wheat/gluten; contains sugar; vegetarian-friendly,"All-purpose flour, mung beans, sugar, yeast, cooking oil, salt, water",5
F021,"Banana, saba, w/ sugar, wrapped, fried","Turon, saging saba",https://www.thelittleepicurean.com/wp-content/uploads/2018/02/turon-filipino-fried-banana-rolls-4.jpg,"Filipino snack of ripe saba banana and sometimes jackfruit, coated with sugar, wrapped in lumpia wrapper, and deep-fried until crisp.",10 min,4,180,1,4,5,2,18,60,,Easy,50,availability,Classic snack; Sweet treat; Street food favorite; Crispy dessert,"Family, Students, Workers",Snack/Dessert,Contains wheat (lumpia wrapper); vegetarian,"Saba bananas, brown sugar, lumpia wrappers, jackfruit (optional), cooking oil",5
F022,"Banana, saba, w/ sugar, fried",Banana cue,https://www.recipesbynora.com/wp-content/uploads/2024/04/Banana-Cue-Caramelized-Bananas.jpg,"Caramelized deep-fried ripe saba bananas coated in brown sugar, a popular Filipino street snack.",8 min,4,160,1,4,4,2,17,40,,Easy,45,availability,Classic snack; Sweet treat; Street food favorite; Caramelized banana,"Family, Students, Workers",Snack/Dessert,Vegetarian,"Saba bananas, brown sugar, cooking oil",5
F023,"Rice cake (glutinous), bibingka","Bibingka, malagkit",https://food.fnr.sndimg.com/content/dam/images/food/fullset/2022/07/15/0/FNK_Bibingka_H1_s4x3.jpg.rend.hgtvcom.616.462.suffix/1657896994353.webp,"Traditional Filipino sticky rice cake made from glutinous rice cooked with coconut milk and sugar, often served during holidays.",45 min,6,210,4,4,5,2,16,80,,Medium,90,availability,Classic dessert; Rice cake; Coconut-flavored; Holiday favorite,"Family, Students, Workers",Snack/Dessert,Contains coconut milk; gluten-free if pure rice is used,"Glutinous rice, coconut milk, sugar, salt, banana leaves",5
F024,"Rice cake, bibingka",Bibingkang galapong,https://cdn.apartmenttherapy.info/image/upload/f_jpg,"Soft Filipino rice cake made with fermented rice batter, coconut milk, and sugar, traditionally baked in clay pots lined with banana leaves.",40 min,6,230,5,4,6,2,230,90,4,Medium,70-95,year-round,Classic dessert; Rice cake; Coconut-flavored; Holiday favorite,"Family, Students, Workers",Snack/Dessert,Contains coconut milk; gluten-free if pure rice is used,"Rice flour (galapong), coconut milk, sugar, baking powder, salt, banana leaves",5
F025,"Rice cake, bibingka, w/ cheese & coconut topping","Bibingkang galapong, may keso at niyog",https://cinnamonsnail.com/wp-content/uploads/2025/08/Bibingka-04.jpg,"Traditional Filipino rice cake (galapong) baked with coconut milk, topped with cheese and freshly grated coconut for added flavor and texture.",40 min,6,250,6,4,7,2,19,120,15,Medium,105,availability,Classic dessert; Rice cake; Cheese-topped; Holiday favorite,"Family, Students, Workers",Snack/Dessert,Contains coconut milk; contains dairy (cheese); gluten-free if pure rice is used,"Rice flour (galapong), coconut milk, sugar, cheese, grated coconut, baking powder, banana leaves",5
F026,"Cassava cake, bibingka","Kamoteng kahoy, bibingka	",https://www.thelittleepicurean.com/wp-content/uploads/2019/02/cassava-bibingka-1.jpg,"Filipino baked dessert made from grated cassava mixed with coconut milk, sugar, and condensed milk, baked until firm and slightly caramelized on top.",45 min,6,280,4,4,9,2,21,95,25,Medium,100,availability,Classic dessert; Cassava-based; Coconut-flavored; Holiday favorite,"Family, Students, Workers",Snack/Dessert,Contains coconut milk; contains dairy (condensed milk); gluten-free if pure cassava is used,"Grated cassava, coconut milk, condensed milk, evaporated milk, sugar, butter, eggs",5
F027,Creme custard,Leche flan,https://dinnerthendessert.com/wp-content/uploads/2023/11/Creme-Caramel-21.jpg,"Rich Filipino caramel custard made with egg yolks, condensed milk, and caramelized sugar, steamed or baked until smooth and creamy.",45 min,6,310,7,4,12,0,35,95,30,Medium,110,availability,Classic dessert; Creamy custard; Special occasion; Party favorite,"Family, Students, Workers",Snack/Dessert,Contains eggs; contains dairy; gluten-free,"Egg yolks, condensed milk, evaporated milk, sugar, vanilla extract",5
F028,Corn pudding,"Maja blanca	",https://www.allrecipes.com/thmb/rQezdrbxM57vhFGJwxb_7KsnMpY=/1500x0/filters:no_upscale():max_bytes(150000):strip_icc()/8145774-bf07adbb86584863a018050fdaf25e6c.jpg,"Creamy Filipino pudding made with coconut milk, cornstarch, sugar, and corn kernels, served chilled and topped with toasted coconut.",20 min,6,230,3,4,9,1.5,18,80,,Easy,90,availability,Classic dessert; Coconut-based; Creamy pudding; Party favorite,"Family, Students, Workers",Snack/Dessert,Contains coconut milk; vegetarian-friendly,"Coconut milk, cornstarch, sugar, sweet corn kernels, evaporated milk, toasted grated coconut (optional)",5
F029,"Corn pudding, w/ grtd coconut topping","Maja blanca, may niyog",https://i0.wp.com/www.Iankewks.com/wp-content/uploads/2024/11/IMG_0182.jpg?resize=800%2C530&ssl=1,Traditional Maja blanca topped generously with freshly grated coconut for added flavor and texture.,20 min,6,240,3,4,10,2,20,85,,Easy,95,availability,Classic dessert; Coconut-based; Creamy pudding; Coconut-topped,"Family, Students, Workers",Snack/Dessert,Contains coconut milk; vegetarian-friendly,"Coconut milk, cornstarch, sugar, sweet corn kernels, grated coconut topping",5
F030,Kamoteng kahoy," suman""",https://www.kawalingpinoy.com/wp-content/uploads/2019/01/easy-cassava-suman-2.jpg,"Filipino delicacy of grated cassava mixed with coconut milk and sugar, wrapped in banana leaves and steamed until firm.",40 min,6,260,4,4,8,2,18,60,,Medium,90,availability,Classic dessert; Cassava-based; Coconut-flavored; Wrapped delicacy,"Family, Students, Workers",Snack/Dessert,Contains coconut milk; gluten-free if pure cassava is used,"Grated cassava, coconut milk, sugar, banana leaves",5
F031,"Rice prep (glutinous), suman, w/ grtd coconut topping","Suman maruwekos, may niyog",https://encrypted-tbn0.gstatic.com/images?q=tbn:ANd9GcRq0OOWaM7nj-p0B5e_3_7RDd1RECNVkJdjOyXkTfh-V8ThfxUVlM3ua14Or6FMg0noQlg&usqp=CAU,"Filipino sticky rice delicacy wrapped in banana leaves, steamed and served with freshly grated coconut and sugar.",40 min,6,210,4,4,4,2,6,50,,Medium,80,availability,Classic dessert; Rice cake; Coconut-topped; Traditional merienda,"Family, Students, Workers",Snack/Dessert,Gluten-free if pure rice is used; vegetarian,"Glutinous rice, coconut milk, sugar, banana leaves, grated coconut",5
F032,"Rice prep (glutinous), suman, lye-treated",Suman sa lihiya,https://www.recipesbynora.com/wp-content/uploads/2024/04/Suman-sa-Lihiya-Recipe.jpg,"Traditional Filipino glutinous rice cake soaked in lye water, wrapped in banana leaves, then steamed, usually served with sugar or coconut sauce.",45 min,6,200,4,4,3,1.5,5,55,,Medium,80,availability,Classic dessert; Rice cake; Lye-treated; Special occasion,"Family, Students, Workers",Snack/Dessert,Gluten-free if pure rice is used; vegetarian,"Glutinous rice, lye water, coconut milk, sugar, banana leaves",5
F033,"Rice prep (glutinous), suman sa ibos",Suman sa ibos,https://panlasangpinoy.com/wp-content/uploads/2013/04/Suman-sa-Ibos-Recipe.jpg,"Filipino sticky rice wrapped in palm (ibos) leaves, lightly sweetened and steamed; often served with latik or sugar.",40 min,6,205,4,4,3,1.5,5,55,,Medium,80,availability,Classic dessert; Rice cake; Palm-wrapped; Traditional merienda,"Family, Students, Workers",Snack/Dessert,Gluten-free if pure rice is used; vegetarian,"Glutinous rice, coconut milk, sugar, salt, palm/ibos leaves",5
F034,"Corn pudding, maja, yellow","Maja, mais",https://i.pinimg.com/736x/78/c9/67/78c9676086bf8d3e157cf0c6b3e7c054.jpg,"Creamy Filipino corn pudding made with coconut milk, cornstarch, sugar, and yellow corn kernels, served chilled.",20 min,6,230,3,4,9,1.5,18,80,,Easy,90,availability,Classic dessert; Coconut-based; Corn pudding; Party favorite,"Family, Students, Workers",Snack/Dessert,Contains coconut milk; vegetarian-friendly,"Coconut milk, yellow corn kernels, cornstarch, sugar, evaporated milk, toasted grated coconut (optional)",5
F035,"Corn pudding, maja, yellow w/ grtd coconut topping	","Maja, mais, may niyog",https://dirtydishesmessykisses.com/wp-content/uploads/2024/08/maja-blanca-coconut-pudding-recipe-1722499079.jpg,Yellow corn pudding prepared with coconut milk and topped with freshly grated coconut for extra flavor and texture.,20 min,6,240,3,4,10,2,20,85,,Easy,95,availability,Classic dessert; Coconut-based; Corn pudding; Coconut-topped,"Family, Students, Workers",Snack/Dessert,Contains coconut milk; vegetarian-friendly,"Coconut milk, yellow corn kernels, cornstarch, sugar, grated coconut topping",5
F036,"Macaroni salad, prep, w/ yacon",Yacon macaroni salad,https://preppykitchen.com/wp-content/uploads/2025/05/macaroni-salad-recipe-card-500x375.jpg,"Chilled Filipino-style macaroni salad with diced yacon root for added crunch, mixed with mayonnaise, fruit, and cheese.",10 min,6,290,7,4,12,2,8,260,25,Easy,110,availability,Classic salad; Sweet-savory; Party favorite; Holiday dish,"Family, Students, Workers",Snack/Dessert,"Contains dairy (cheese, mayonnaise); contains gluten (pasta); not vegan","Elbow macaroni, yacon root, mayonnaise, condensed milk, cheese, fruit cocktail, raisins, sugar, salt",5
F037,"Rice cake (glutinous), biko",Biko/Sinukmani,https://i0.wp.com/www.Iankewks.com/wp-content/uploads/2024/10/IMG_9428.jpg?resize=800%2C1055&ssl=1,"Traditional Filipino sticky rice cake made with glutinous rice, coconut milk, and brown sugar, topped with latik (coconut curds).",45 min,6,260,4,4,6,2,18,65,,Medium,90,availability,Classic dessert; Rice cake; Coconut-flavored; Holiday favorite,"Family, Students, Workers",Snack/Dessert,Contains coconut milk; gluten-free if pure rice is used,"Glutinous rice, coconut milk, brown sugar, salt, banana leaves",5
F038,"Rice cake (glutinous), biko, w/ grtd coconut topping","Biko/Sinukmani, may niyog",https://cdn.shortpixel.ai/spai2/q_glossy+w_977+to_auto+ret_img/www.hungryhuy.com/wp-content/uploads/biko-rice-cake-on-banana-leaf.jpg,Sticky rice cake (biko) topped with freshly grated coconut for extra texture and flavor.,45 min,6,270,4,4,7,2,19,70,,Medium,95,availability,Classic dessert; Rice cake; Coconut-topped; Holiday favorite,"Family, Students, Workers",Snack/Dessert,Contains coconut milk; gluten-free if pure rice is used,"Glutinous rice, coconut milk, brown sugar, grated coconut, salt, banana leaves",5
F039,"Rice cake (glutinous), biko, w/ purple rice","Biko, may pirurutong",https://www.kawalingpinoy.com/wp-content/uploads/2019/12/biko-ube-1.jpg,"Biko variation using a mix of white and purple (pirurutong) glutinous rice, giving a distinct color and richer flavor.",45 min,6,265,4,4,6,2,18,65,,Medium,95,availability,Classic dessert; Rice cake; Purple rice; Holiday favorite,"Family, Students, Workers",Snack/Dessert,Contains coconut milk; gluten-free if pure rice is used,"White glutinous rice, purple glutinous rice (pirurutong), coconut milk, brown sugar, salt, banana leaves",5
F040,Rice prep (glutinous),Sapin-sapin,https://yummykitchentv.com/wp-content/uploads/2022/06/sapin-sapin-image.jpg,"Colorful layered Filipino rice cake made of glutinous rice flour, coconut milk, and sugar, flavored with ube and jackfruit, then steamed until set.",45 min,6,240,4,4,7,2,20,70,,Medium,100,availability,Classic dessert; Layered rice cake; Colorful; Holiday favorite,"Family, Students, Workers",Snack/Dessert,Contains coconut milk; gluten-free if pure rice is used,"Glutinous rice flour, coconut milk, sugar, ube flavoring or halaya, jackfruit, food coloring (optional), banana leaves",5
F041,"Rice cake, puto bumbong, purple",Puto bumbong,https://kusinasecrets.com/wp-content/uploads/2024/11/image-108.webps,"Traditional Filipino purple rice cake steamed in bamboo tubes, brushed with butter and topped with grated coconut and brown sugar.",20 min,4,180,3,4,4,2,10,40,,Medium,80,availability,Classic dessert; Holiday favorite; Rice cake; Street food,"Family, Students, Workers",Snack/Dessert,Gluten-free if pure rice is used; vegetarian,"Glutinous purple rice, butter, brown sugar, grated coconut, banana leaves",5
F042,Rice gruel w/ choc & milk,"Champorado, may gatas",https://yummykitchentv.com/champorado/,"Filipino chocolate rice porridge made with glutinous rice and cocoa, sweetened and served with milk.",25 min,4,210,4,4,4,2,18,60,,Easy,70,availability,Classic breakfast; Chocolate-flavored; Comfort food,"Family, Students, Workers","Breakfast, Snack",Contains dairy if milk is added; gluten-free if pure rice is used,"Glutinous rice, cocoa or tablea chocolate, sugar, milk (evaporated or condensed), water, salt",5
F043,Meat pie,Empanada,https://www.jocooks.com/wp-content/uploads/2019/06/beef-empanadas-1-19.jpg,Filipino baked or fried pastry filled with savory meat (often pork or chicken) and vegetables.,20 min,6,250,9,4,12,1.5,2,260,30,Medium,120,availability,Classic snack; Savory pastry; Street food,"Family, Students, Workers","Snack, Lunch",Contains wheat/gluten; contains meat; not vegetarian,"All-purpose flour, butter, water, ground pork or chicken, potato, carrot, onion, garlic, seasoning, cooking oil",5
F044,Soybean pudding/Geerlig's cheese w/ syrup & tapioca starch ball,"Taho/Tahu, may arnibal at sago",https://cdn.jwplayer.com/v2/media/QJY39cip/poster.jpg?width=1920,"Soft fresh tofu served warm with brown sugar syrup (arnibal) and sago pearls, a popular Filipino morning snack.",5 min,4,150,6,4,2,1,15,30,,Easy,60,availability,Classic breakfast; Protein-rich; Sweet treat; Street food,"Family, Students, Workers","Breakfast, Snack",Contains soy; vegetarian; gluten-free,"Soft/ silken tofu, brown sugar, water, vanilla, tapioca pearls (sago)",5
F045,"Pork crackling, skin","Chicharon/Sitsaron baboy, balat",https://www.kawalingpinoy.com/wp-content/uploads/2019/03/pork-chicharon-3-1-500x500.jpg,"Deep-fried pork skin seasoned until light and crispy, enjoyed as a snack or pulutan (beer companion).",45 min,4,300,20,4,24,0,0,450,95,Medium,100,availability,Classic snack; Crispy treat; Pulutan favorite,"Family, Students, Workers","Snack, Appetizer",Contains pork; not vegetarian/vegan,"Pork skin, salt, pepper, vinegar (for boiling), water, oil for deep-frying",5
F046,Glutinous rice w/ mung bean & cocomilk,Ginataang munggo,https://salu-salo.com/wp-content/uploads/2018/02/Ginataang-Munggo-Sticky-Rice-with-Mung-Beans-and-Coconut-Milk-3.jpg,"Filipino dessert porridge of toasted mung beans cooked with glutinous rice, coconut milk, and sugar until creamy and fragrant.",30 min,4,240,6,4,6,3,15,60,,Easy,80,availability,Classic dessert; Coconut-based; Warm porridge; Comfort food,"Family, Students, Workers","Snack, Dessert",Contains coconut milk; vegetarian-friendly,"Glutinous rice, toasted mung beans, coconut milk, sugar, water, pinch of salt",5
F047,"Mango, piko, ripe","Mangga, piko, hinog",https://global.discourse-cdn.com/schizophrenia/uploads/default/original/3X/8/1/81c619fb0e655e2bd989ce010bb591222cada618.jpeg,"Fresh ripe piko variety mango, sweet and aromatic, eaten as a fruit snack or dessert.",,1,60,0.6,4,0.2,1.6,14,1,,Easy,30,availability,Fresh fruit; Vitamin-rich; Sweet tropical fruit,"Family, Students, Workers","Snack, Dessert",Vegetarian; vegan; gluten-free,Ripe piko mango,5
F048,"Mango, Indian, unripe","Mangga, Indiyan, hilaw",https://media.philstar.com/photos/2025/03/04/indian-mangoes_2025-03-04_19-20-52.jpg,"Tart green Indian mango, commonly eaten with salt or bagoong as a refreshing snack.",,1,50,0.6,4,0.2,1.5,9,2,,Easy,25,availability,Fresh fruit; Tangy flavor; Vitamin-rich; Snackable,"Family, Students, Workers",Snack,Vegetarian; vegan; gluten-free,Unripe Indian mango,5
F049,"Mango, Manila super, ripe","Mangga, kalabaw, hinog",https://pbs.twimg.com/media/DsSUuCnUUAEXvuF.jpg,"Iconic Philippine ?carabao? mango, exceptionally sweet and fragrant, enjoyed fresh or in desserts.",,1,65,0.7,4,0.2,1.7,15,1,,Easy,35,availability,Fresh fruit; Sweet tropical fruit; Vitamin-rich,"Family, Students, Workers","Snack, Dessert",Vegetarian; vegan; gluten-free,Ripe Manila Super (carabao) mango,5
F050,Mangosteen,Mangosteen,https://draxe.com/wp-content/uploads/2016/07/MangosteenThumbnail.jpg,"Purple tropical fruit with thick rind and juicy sweet-tart white segments, prized for antioxidants and vitamins.",,1,70,0.9,4,0.6,1.8,16,1,,Easy,40,availability,Fresh fruit; Antioxidant-rich; Sweet-tart tropical fruit,"Family, Students, Workers","Snack, Dessert",Vegetarian; vegan; gluten-free,Fresh mangosteen fruit,5
F051,"Cake, banana","Cake, banana",https://www.allrecipes.com/thmb/kU5_wRjlF_5Ozm_9EUnnEN6o7IY=/1500x0/filters:no_upscale():max_bytes(150000):strip_icc()/9293326-a-number-1-banana-cake-Charice-Lecointe-1x1-1-49bc9e4417a14a7ea5ff5f45e6671878.jpg,"Homemade banana cake made with ripe bananas, flour, sugar, eggs, and butter ? a sweet snack or dessert.",60 min,12 slices,323,3.7,61.1,7.85,1.4,42.7,285,32,Medium,180,availability,Dessert; baked good,"Students, workers, families",Snack/Dessert,"Contains wheat, eggs, dairy; contains banana","Ripe banana, flour (wheat), sugar, eggs, butter (or oil), baking powder, salt, optionally nuts or milk",5
F052,"Banana, lacatan","Saging, lakatan",https://encrypted-tbn0.gstatic.com/images?q=tbn:ANd9GcTtjIAbJ5Y3BeC50IngfdUOqqUF08WeNschgQ&s,"Fresh ripe Lakatan banana (raw, peeled)",2min,1 medium,126,1.4,29.6,0.2,3.3,15.6,~2,0,Easy,12-Jan,year-round,Fruit; dessert snack,"Family, Students, Workers",Snack/Fruit,Vegan; contains banana,"Banana (Musa ? paradisiaca, Lakatan variety)",5
F053,"Banana, cavendish, ripe","Saging, cavendish, hinog",https://encrypted-tbn0.gstatic.com/images?q=tbn:ANd9GcT1DciOcwqZ2O6Hr-NfYHB-4V6W0BAZdw3pCLIi0TRQrtZL7BzSXQHR086csj9Oi3D472U&usqp=CAU,"Fresh ripe Cavendish banana (raw, peeled)",2min,1 medium,104,0.9,23.1,0.9,2.7,12.5,~13,0,Easy,10,year-round,Fruit; dessert snack,"Family, Students, Workers",Snack/Fruit,Vegan; contains banana,"Banana (Musa ? paradisiaca, Cavendish variety)",5
F054,"Banana, latundan","Saging, latundan",https://upload.wikimedia.org/wikipedia/commons/b/bd/Ripe_latundan_bananas.jpg,"Fresh ripe Latundan banana (raw, peeled)",2min,1 medium,105,1.2,24.4,0.3,2.8,13,~3,0,Easy,11,year-round,Fruit; dessert snack,"Family, Students, Workers",Snack/Fruit,Vegan; contains banana,"Banana (Musa ? paradisiaca, Latundan variety)",5
F055,"Banana, murado","Saging, murado",https://encrypted-tbn0.gstatic.com/images?q=tbn:ANd9GcR2oEJ0IyuIFy8KeeSTzyqpTbLovi7JA4hSPeSNyrdHuE2JidOsWOYA3aWP_5zQD6EJXZQ&usqp=CAU,"Fresh ripe Murado banana (raw, peeled)",2min,1 medium,107,1.2,24.5,0.5,2.8,13.1,~2,0,Easy,12,year-round,Fruit; dessert snack,"Family, Students, Workers",Snack/Fruit,Vegan; contains banana,"Banana (Musa ? paradisiaca, Murado variety)",5
F056,"Banana, saba","Saging, saba",https://blogger.googleusercontent.com/img/b/R29vZ2xl/AVvXsEgx4SMxO3mGmQxFdy0HpqeUKkedv6Gbi-SaDTFGtxi84HmNO2FJAvyo1rljwMjxS7QVCGS6bj69oo6hpABi9nvoeQY9z4W8Pkduzt-hbTDeQ_RKAAA9iR4-le6EiX5TSU_c6Xf9trZ8jdE/?imgmax=800,"Fresh raw Saba banana (peeled, edible portion)",2min,1,110,1.1,25.5,0.4,2.9,13.6,~2,0,Easy,20-Jan,year-round,Fruit; cooking banana,"Family, Students, Workers",Snack/Fruit,Vegan; contains banana,"Banana (Musa ? paradisiaca, Saba variety)",5
F057,"Banana, saba, boiled	","Saging, saba, nilaga",https://encrypted-tbn0.gstatic.com/images?q=tbn:ANd9GcSYCNuBxadE91jQqGeJpdkZnwXJ4bSQGMDCuQ&s,"Boiled Saba banana (peeled, edible portion)",5 min,1,159,1.2,38.6,0,4.2,19.9,~2,0,Easy,15,year-round,Cooked fruit,"Family, Students, Workers",Snack / Side,Vegan; contains banana,Boiled Saba banana,5
F058,"Banana, ternate","Saging, ternate",https://www.researchgate.net/profile/Johannes-Van-Der-Waal/publication/337085021/figure/fig5/AS:822598518702090@1573134178573/Pisang-Tongkat-Langit-Panjang-Long-Sky-Hold-Banana-Musa-troglodytarum-L-of-plantain_Q320.jpg,"Fresh raw Ternate banana (peeled, edible portion) ? cooking/dessert banana from Philippines",2 min,1,110,1.1,25.5,0.4,2.9,13.6,~2,0,Easy,12,seasonal/year-round,Fruit; cooking banana,"Family, Students, Workers",Snack/Fruit,Vegan; contains banana,"Banana (Musa ? paradisiaca, Ternate variety) ? assumed similar to Saba banana",5
F059,"Banana, saba, mashed, w/ sugar & marg","Linupak, saging saba",https://kusinasecrets.com/wp-content/uploads/2024/12/u3317447599_httpss.mj_.runVLv8VZnsu6g_top_down_view_of_Traditi_87328422-210a-49f2-8410-f18012c1d89f_1-500x500.jpg,Mashed Saba banana prepared with added sugar and margarine (typical snack),5 min,1,204,1.4,41.4,3.6,1.7,32,140,0,Easy,20,year-round,Snack; prepared banana,"Family, Students, Workers",Snack/Dessert,Contains banana; may contain margarine (dairy/vegetable fat),"Boiled Saba banana, sugar, margarine",5
F060,"Papaya fruit, medium ripe","Papaya fruit, medium ripe",https://dww3ueizok6z0.cloudfront.net/food/banner/779-16e3123bdf949696243739e9b46ec29c55a50669,"Fresh ripe papaya, peeled and sliced, edible portion",3 min,1,~80,1.4-1.75,24-30,0.4-0.5,5-Apr,18-22,~6,0,Easy,25,year-round,Fruit; tropical fruit,"Family, Students, Workers",Snack/Fruit,Vegan; contains papaya,"Papaya (Carica papaya), ripe fruit flesh",5
F061,"Papaya fruit, ripe","Papaya fruit, ripe","https://img.etimg.com/thumb/msid-123633656,width-480,height-360,imgsize-2094836,resizemode-75/papaya.jpg","Fresh pineapple, peeled and sliced, edible portion",3 min,1 cup,~80,~0.8,~18,~0.3,~3.0,~13,~5,0,Easy,25,year-round,Fruit; tropical fruit,"Family, Students, Workers",Snack/Fruit,Vegan; contains papaya,"Papaya (Carica papaya), ripe fruit flesh",5
F062,Pineapple,Pinya,https://cdn2.stylecraze.com/wp-content/uploads/2013/04/9-Powerful-Health-Benefits-Of-Pineapple-And-Nutrition-Facts.jpg.webp,Fresh calamansi (juice or wedges) ? edible portion of fruit/juice,3 min,1 cup,~82,~0.9,~22,~0.2,~2.3,~16,~1,0,Easy,30,year-round,Fruit; tropical fruit,"Family, Students, Workers",Snack/Fruit,Vegan; contains pineapple,"Pineapple (Ananas comosus), raw flesh",5
F063,Calamansi/Philippine lemon,Kalamansi/Calamondin,https://cdn.shopify.com/s/files/1/0557/4269/3571/files/calamansi-fruit_1_1024x1024.jpg?v=1700054424,Fresh durian pulp (edible portion),2 min,1 medium,~15-20*,~0.2*,~5-6*,~0.1*,~0.7*,~4-5*,~1,0,Easy,8,year-round,Fruit; citrus,"Family, Students, Workers",Snack / flavoring,Vegan; contains citrus,Calamansi (Citrus microcarpa) ? fresh fruit flesh / juice (approximate),4
F064,Durian,Durian,https://food.fnr.sndimg.com/content/dam/images/food/fullset/2023/18/whole-and-halved-durian-fruit-high-angle-on-wooden-boards.jpg.rend.hgtvcom.1280.720.85.suffix/1702934646286.webp,"Fresh rambutan, peeled, flesh only",5 min,100?g,~150,~1.5-2.5,~27-28,~3.5-5.3,~3.5-4.0,~15-20,~2,0,Medium,120,seasonal,Fruit; tropical fruit,"Family, Students, Workers",Snack/Fruit,Vegan; contains durian,Durian (Durio zibethinus) flesh,4
F065,Rambutan,Rambutan,https://encrypted-tbn0.gstatic.com/images?q=tbn:ANd9GcQBhR13ADrz4LI2BwhvNyTunZXHwvZtR0_7vg&s,"Fresh rambutan, peeled, flesh only",2 min,150?g,~100-110,~1.6,~31,~0.8,~4.5,~20-22,~2,0,Easy,60,seasonal,Fruit; tropical fruit,"Family, Students, Workers",Snack/Fruit,Vegan; contains rambutan,Rambutan (Nephelium lappaceum) flesh,5
F066,Soursop,Guyabano,https://www.cardenasmarkets.com/wp-content/uploads/fly-images/2535/Guanabana-1464x918-c.jpg,"Fresh soursop fruit known for its sweet-tart flavor and soft, fibrous flesh; commonly eaten raw or used for juices.",1 min,1,66,1,16,0.3,3.3,13,14,0,Easy,30,Seasonal,Tropical fruit,"Students, workers, health-conscious",Snack,"Vegan, gluten-free",,4
F067,Jackfruit,Langka/Nangka,https://encrypted-tbn0.gstatic.com/images?q=tbn:ANd9GcTQZhL1Cb8H5-kv6Zg36Yg3krBDww2dSRmslA&s,"Sweet, fragrant jackfruit flesh commonly eaten fresh or used in Filipino desserts and dishes.",1 min,1,95,1.7,23,0.3,1.5,19,3,0,Easy,25,Seasonal,Tropical fruit,"Students, workers",Snack,"Vegan, gluten-free",,4
F068,Santol,Santol,https://filipinoeggrolls.com/wp-content/uploads/2021/07/santol-1.jpg,Round tropical fruit with a sweet-sour white pulp often eaten fresh or used for sinigang and preserves.,1 min,1,67,0.8,17,0.2,3,13,2,0,Easy,15,Seasonal,Tropical fruit,"Students, families",Snack,"Vegan, gluten-free",,3
F069,"Star apple, green","Kaymito, berde","https://m.media-amazon.com/images/I/6127fO3pY1L._AC_UF1000,1000_QL80_.jpg",Green variety of star apple with sweet gelatinous flesh and smooth texture.,1 min,1,67,0.7,15,0.6,2.2,10,4,0,Easy,15,Seasonal,Tropical fruit,"Students, workers",Snack,"Vegan, gluten-free",,4
F070,"Star apple, purple","Kaymito, murado",https://i.ebayimg.com/images/g/oYgAAOSwhU1kfyPv/s-l400.jpg,"Purple variety of kaymito, known for its rich sweetness and soft, milky pulp.",1 min,1,60,0.6,14,0.5,2,9,4,0,Easy,18,Seasonal,Tropical fruit,"Students, workers",Snack,"Vegan, gluten-free",,5
F071,Sapodilla,Chico,https://encrypted-tbn0.gstatic.com/images?q=tbn:ANd9GcSXE4yQY9l6rj4fF_YDs76KPCn-NBKAJPqRKA&s,"Ripe sapodilla flesh (peeled) ? sweet, grainy texture.",2 min,100 g,94,0.4,20,1.1,5.3,15.6,12,0,Easy,20,year-round,Fruit; dessert/snack,"Students, families, kids",Snack / Dessert,Vegan; gluten-free,Sapodilla (Manilkara zapota) flesh.,4
F072,Dragon fruit,Pitaya,https://fisherscart.com/cdn/shop/products/Dragonfruitred_300x300.png?v=1648373025,Raw dragon fruit flesh (white or red varieties).,2 min,100 g,60,1.2,12.9,0,2.9,7.7,0,0,Easy,50,year-round,Fruit; low-calorie,"Students, health-conscious",Snack/Snack / BreakfastFruit,Vegan; gluten-free,Dragon fruit (Hylocereus spp.) flesh.,4
F073,Black/Java plum,Duhat/Jambolan,https://images.hindustantimes.com/img/2022/05/15/550x309/jamun_thumb_1648561208414_1652626600195.jpg,Raw jamun fruit (Syzygium cumini) ? tart/sweet.,2 min,100 g,~60-80,~0.7-1.7,~14,~0.2-0.3,~0.3-0.9,~8-12,~26,0,Easy,30,seasonal/local,Fruit; traditional,"Families, elders",Snack / Ingredient,Vegan; gluten-free,Jamun (Syzygium cumini) pulp.,3
F074,"Avocado, green","Abokado, berde",https://encrypted-tbn0.gstatic.com/images?q=tbn:ANd9GcSYt5h95aSeOdoBhe2XjaSrkmbxHm02WM5dKw&s,Ripe green avocado flesh (Persea americana) ? high in healthy fats.,3 min,100 g,160,2,8.5,14.7,6.9,0.7-1.0,7,0,Easy,60,year-round,Fruit; high-fat,"Health-conscious, cooks, students ",Breakfast / Snack / Spread,Vegan; contains avocado (high fat),Avocado flesh (generic / USDA values).,5
F075,"Avocado, red","Abokado, murado",https://miamifruit.org/cdn/shop/articles/red_avocado_is_back_miamifruit_1024x.jpg?v=1658158890,Ripe red-skinned avocado ? nutrient profile similar to common avocados (use generic avocado values if no variety data).,3 min,100 g,~160,2,~8.5,~14.7,~6.9,~0.7-1.0,7,0,Easy,70,year-round,Fruit; high-fat,"Health-conscious, premium buyers",Breakfast / Snack / Spread,Vegan; contains avocado (high fat),Avocado (Persea americana) flesh ? variety not differentiated in public databases.,4
F076,Pomelo,Suha/Lukban,https://encrypted-tbn0.gstatic.com/images?q=tbn:ANd9GcSPzwfsRAqerWFys6Jm_ifrceLSUDkdLEXrbA&s,"Peeled pomelo flesh (Citrus maxima) ? mild, citrusy.",4 min,100 g,38-40,0.8-1.0,9.6,0.2,1,8-Jun,10,0,Easy,60,seasonal/year-round,Citrus fruit,"Families, juice makers",Snack / Breakfast,Vegan; gluten-free,Pomelo segments (peeled).,4
F077,"Tamarind, ripe","Sampalok, hinog	",https://encrypted-tbn0.gstatic.com/images?q=tbn:ANd9GcTHJjIDf2D8ZJk88RY0XOfPAH7XpcAuPr5Reg&s,Ripe tamarind pulp (used fresh or as paste) ? sweet-tart and energy-dense.,5 min,100 g,239,2.8,62.5,0.6,5.1,~57,~28,0,Easy,30,year-round,Condiment / ingredient,"Cooks, streetfood vendors",Ingredient / Condiment / Snack,Vegan; gluten-free,Tamarind pulp (Tamarindus indica).,3
F078,Starfruit,Balimbing,https://encrypted-tbn0.gstatic.com/images?q=tbn:ANd9GcQCqkg8qKYMx9NSLEybT9FWNm3sElsrWbZZaw&s,"Raw starfruit (carambola) ? crisp, tart-sweet.",2 min,100 g,31,0.6-1.2,6.7-7.9,0.3-0.6,2.0-3.0,4-Mar,4,0,Easy,25,seasonal/year-round,Fruit; low-calorie,"Students, cooks, juice bars",Snack / Garnish,Vegan; contains oxalates (caution for kidney disease),Starfruit (Averrhoa carambola) flesh.,4
F079,Bilimbi,Kamyas/Kamias/Kalamyas,https://encrypted-tbn0.gstatic.com/images?q=tbn:ANd9GcR1dMCfwKEJ3R8ZDQCNMLN_XwqDsg0AdJxCEw&s,"Raw bilimbi (Averrhoa bilimbi) ? very sour, used as souring agent.",2 min,100 g,26,0.7,2.8,1.3,0.7,~1,4,0,Easy,20,seasonal/local,Sour fruit; cooking ingredient,"Cooks, households",Ingredient / Condiment,Vegan; extremely sour (not eaten raw commonly),Bilimbi (Averrhoa bilimbi) edible portion.,3
F080,Java apple,Makopa/Wax jambu/Wax apple,https://encrypted-tbn0.gstatic.com/images?q=tbn:ANd9GcR8YIyzL5pyvddxopgvPxw7fmfdzyMYA_2l6g&s,"Raw water/apple (Syzygium samarangense) ? crunchy, mildly sweet.",2 min,100 g,25,0.6,5.7,0.3,1.1-2.1,~3-5,4-Feb,0,Easy,40,seasonal/local,Fruit; low-calorie,"Students, families",Snack/Fruit,Vegan; gluten-free,Java apple (Syzygium samarangense) flesh.,4
F081,Johey oak,Marang,https://i.pinimg.com/736x/e1/d8/df/e1d8df09e2eca519bdee514b46158d50.jpg,"Fresh marang fruit flesh ? tropical, aromatic, juicy pulp.",2 min,100 g,~100,1.2-1.5,20,0.2-0.3,0.6-1.0,,~1-3,0,Easy,40,seasonal / tropical,Tropical fruit,"Families, fruit-snack lovers",Snack / Fruit,Vegan; gluten-free,Marang fruit flesh (Artocarpus odoratissimus),3
F082,"Apple, green","Mansanas, berde",https://assets.unileversolutions.com/v1/136047056.jpg,"Fresh green apple, whole or sliced, edible with peel ? crisp, sweet-tart.",1 min,100 g,~52-54,0.3-0.6,14-15,0.2-0.5,1.2-2.4,~10-12,~1-3,0,Easy,40,year-round,"Pome fruit, snack","Students, workers, families",Snack / Fruit,Vegan; gluten-free,"Apple (Malus domestica), raw with peel",5
F083,"Apple, red","Mansanas, pula",https://encrypted-tbn0.gstatic.com/images?q=tbn:ANd9GcTS_Db0jJvWe6vYScLksI8qoM2WCeHfJnSBVw&s,"Fresh red apple, whole or sliced ? sweet-crisp texture.",1 min,100 g,~52-54,0.3-0.6,14-15,0.2-0.5,1.2-2.4,~10-12,~1-3,0,Easy,40,year-round,"Pome fruit, snack","Students, workers, families",Snack / Fruit,Vegan; gluten-free,"Apple (Malus domestica), raw with peel",5
F084,Sugar apple/Sweetsop,Atis,https://encrypted-tbn0.gstatic.com/images?q=tbn:ANd9GcQvTyKJsYWYePe1B5nGwrUR2tRD9EaQeatKRQ&s,"Fresh sweetsop (custard-like) pulp, eaten ripe ? sweet, soft flesh.",2 min,100 g,94,2.06,23.64,0.29,4.4,,9,0,Easy,30,seasonal/tropical,"Tropical fruit, dessert-fruit","Families, dessert-seekers",Snack / Dessert,Vegan; gluten-free,Sugar apple (Annona squamosa) pulp,4
F085,Cassava,Kamoteng kahoy/Balinghoy,https://image.tuasaude.com/media/article/gr/uw/mandioca_57085.jpg?width=686&height=487,"Peeled, raw cassava (edible portion) ? tuber used boiled or processed.",3 min,100 g,145,0.6,35.3,0.2,1.7,1.6,2 mg,0,Easy,15,year-round,Root vegetable / staple-food,"Households, cooks",Raw / Ingredient,Vegan; gluten-free,Cassava flesh (Manihot esculenta),5
F086,"Cassava, boiled","Kamoteng kahoy/Balinghoy, nilaga",https://www.thecreolemeltingpot.com/wp-content/uploads/2020/03/boiled-cassava1.png,"Boiled cassava root (peeled, boiled, edible portion)",10 min,100 g,~191,1.42,39.6,3.03,1.9,1.78,145,2,Easy,15,year-round,Root vegetable; staple / carbohydrate source,"Households, workers, families",Side / Staple,Vegan; gluten-free,,5
F087,"Cassava, yellow","Kamoteng kahoy/Balinghoy, dilaw",https://maitvfiji.com/wp-content/uploads/2020/06/Beqa-variety-yellow-Cassava.jpg,"Raw cassava root, peeled ? edible after proper processing / cooking",3 min,100 g,~145,0.6,35.3,0.2,1.7,1.6,2 mg,0,Easy,12,year-round,"Root vegetable, raw staple","Households, cooks",Ingredient / Raw food,Vegan; gluten-free,,4
F088,"Sweet potato, purple","Kamote, murado",https://sunkissedkitchen.com/wp-content/uploads/2022/11/how-to-bake-purple-sweet-potatoes.jpg,Raw purple-fleshed sweet potato (before cooking),3 min,100 g,~125,0.6,29.8,0.4,4.2,5.9,1,0,Easy,20,seasonal / local markets,Root tuber; carbohydrate + fiber source,"Families, cooks, health-conscious",Ingredient / Raw food,Vegan; gluten-free,,5
F089,"Sweet potato, purple, boiled","Kamote, murado, nilaga",https://watermark.lovepik.com/photo/20211129/large/lovepik-boiled-purple-sweet-potato-picture_501200818.jpg,Boiled purple-fleshed sweet potato (peeled/cooked),10 min,100 g,122,0.6,29.5,0.2,4,9.1,43,0,Easy,25,seasonal / local markets,Boiled root tuber; staple / side dish,"Households, families",Side / Staple,Vegan; gluten-free,,5
F090,"Sweet potato, white, boiled","Kamote, puti, nilaga",https://static.vecteezy.com/system/resources/previews/024/864/023/large_2x/white-sweet-potato-cooked-by-boiling-vietnamese-food-photo.jpg,Boiled white-fleshed sweet potato,10 min,100 g,126,0.4,29.3,0.8,3.9,9,42,0,Easy,20,seasonal / local markets,Boiled root tuber; staple / side dish,"Households, families",Side / Staple,Vegan; gluten-free,,5
F091,"Sweet potato, yellow, boiled","Kamote, dilaw, nilaga",https://encrypted-tbn0.gstatic.com/images?q=tbn:ANd9GcS78OELz2heNReIsRZPJekjqQ6Hdc9obCWRyA&s,Boiled yellow sweet potato; soft and sweet,10 min,100 g,86,1.2,20.1,0.1,3,4.2,5,0,Easy,15,year-round,Root tuber; staple,"Families, cooks, students",Snack / Side dish / Breakfast,Vegan; gluten-free,"Yellow sweet potato, water",3
F092,Cassava fritter,"Kamoteng kahoy, maruya",https://encrypted-tbn0.gstatic.com/images?q=tbn:ANd9GcQTIH7BLdtemqUAmK3oWEbzygc7IAWIkYEwgg&s,"Deep-fried cassava fritters, sweet and crispy",20 min,100 g,220,1.5,35,8,2.5,15,50,0,Medium,25,year-round,Snack; fried food,"Students, street food lovers",Snack / Dessert,"Gluten-free (if no wheat), not vegan if eggs used","Cassava, sugar, oil, eggs",4
F093,Cassava pudding,"Kamoteng kahoy, budin",https://encrypted-tbn0.gstatic.com/images?q=tbn:ANd9GcQxSArwB3Pa7zTHq-6oPa9ws-aZOTrYbmd7fQ&s,"Steamed or baked cassava pudding, sweet dessert",30 min,100 g,190,2,32,6,2,10,40,0,Medium,30,year-round,Dessert,"Families, cooks",Dessert / Snack,"Gluten-free, not vegan","Cassava, milk, sugar, eggs",3
F094,"Sweet potato, w/ sugar, fried",Kamote cue,https://www.thekitchenwhisperer.net/wp-content/uploads/2017/06/Candied-Sweet-Potato-Wedges2.jpg,"Caramelized sweet potato on skewers, fried with sugar",15 min,100 g,250,1.2,45,6,3,20,45,0,Easy,25,year-round,Street food; snack,"Street vendors, kids",Snack / Street food,"Gluten-free, vegan-friendly","Sweet potato, sugar, oil",5
F095,"Sweet potato lvs, purple, boiled","Kamote dahon, murado, nilaga",https://encrypted-tbn0.gstatic.com/images?q=tbn:ANd9GcQGPfcC8ZM3WX7B87xwvMHPdiBLwEPOVz6Zqg&s,"Boiled purple sweet potato leaves, nutritious side dish",10 min,100 g,42,3,7,0.5,2,1,15,0,Easy,10,seasonal,Vegetable; leafy greens,"Families, health-conscious",Side dish / Vegetable,Vegan; gluten-free,"Purple sweet potato leaves, water",3
F096,"Sweet potato lvs, boiled","Kamote dahon, nilaga",https://images.healthshots.com/healthshots/en/uploads/2022/11/25114152/sweet-potato-chaat.jpg,Boiled sweet potato leaves; nutritious and high in vitamins,10 min,100 g,42,3,7,0.5,2,1,15,0,Easy,10,seasonal,Leafy vegetable; side dish,"Families, health-conscious",Side dish / Vegetable,Vegan; gluten-free,"Sweet potato leaves, water",3
F097,"Cassava lvs, boiled","Kamoteng kahoy/Balinghoy dahon, nilaga",https://encrypted-tbn0.gstatic.com/images?q=tbn:ANd9GcSsTf_AS15ba3uN679ihm2osY3VAwDJuYQlOg&s,"Boiled cassava leaves, rich in protein and micronutrients",10-15 min,100 g,105,5,20,0.5,4,1.5,20,0,Easy,15,seasonal,Leafy vegetable; side dish,"Families, cooks",Side dish / Vegetable,Vegan; gluten-free,"Cassava leaves, water",3
F098,"Taro, boiled","Gabi, nilaga",https://www.shutterstock.com/image-photo/boiledcooked-taro-fruitsplaced-on-white-600nw-2145772735.jpg,Boiled taro root; starchy and energy-rich tuber,15-20 min,100 g,142,1.5,34,0.1,4,0.5,10,0,Easy,15,year-round,Root tuber; staple,"Families, cooks",Side dish / Vegetable,Vegan; gluten-free,"Taro root, water",4
F099,"Taro lvs, boiled","Gabi dahon, nilaga",https://encrypted-tbn0.gstatic.com/images?q=tbn:ANd9GcT4s5mD3JYV45p5yWfW3TB9011Av7BQaBMEbA&s,Boiled taro leaves; leafy green vegetable high in vitamins,10 min,100 g,36,2,7,0.2,3,1,12,0,Easy,10,seasonal,Leafy vegetable; side dish,"Families, health-conscious",Side dish / Vegetable,Vegan; gluten-free,"Taro leaves, water",2
F100,"Taro petioles, boiled","Gabi tangkay, nilaga	",https://encrypted-tbn0.gstatic.com/images?q=tbn:ANd9GcSiN5ZLXPWqpqlP4ywvnrq74GGF15V6qdqGTg&s,"Boiled taro stems (petioles), commonly eaten as vegetable",10 min,100 g,28,1,6,0.1,2,0.5,10,0,Easy,10,seasonal,Leafy vegetable / stem,"Families, cooks",Side dish / Vegetable,Vegan; gluten-free,"Taro stems, water",2
